{"dataset": "F:\\Ph.D\\circle_classification\\Images_all_class\\0_all_class_aug", "config": {"folder_ref": "F:\\Ph.D\\circle_classification\\Images_all_class\\0_all_class_aug", "folder_ref1": "dataset\\class_registeration", "debug": "False", "crop_circle": "True", "crop_circle_platform": [546.1550518881522, 421.04824877486305, 300], "crop_circle_platform_original": [546.1550518881522, 421.04824877486305, 375], "resize_ratio": 0.3}, "mobilenet_v2": 1.0416666666666665, "densenet121": 0.0, "densenet201": 1.0416666666666665, "resnext50_32x4d": 1.0416666666666665, "vgg19": 1.0416666666666665, "alexnet": 1.0416666666666665, "squeezenet1_1": 2.083333333333333, "mnasnet1_0": 1.0416666666666665}