{"dataset": "F:\\Ph.D\\circle_classification\\Images_all_class\\0_all_class_aug", "config": {"folder_ref": "F:\\Ph.D\\circle_classification\\Images_all_class\\0_all_class_aug", "folder_ref1": "dataset\\class_registeration", "debug": "False", "crop_circle": "True", "crop_circle_platform": [546.1550518881522, 421.04824877486305, 300], "crop_circle_platform_original": [546.1550518881522, 421.04824877486305, 375], "resize_ratio": 0.3}, "mobilenet_v2": 70.83333333333334, "densenet121": 80.20833333333334, "densenet201": 80.20833333333334, "resnext50_32x4d": 75.0, "vgg19": 68.75, "alexnet": 57.291666666666664, "squeezenet1_1": 58.333333333333336, "mnasnet1_0": 75.0}