{"dataset": "F:\\Ph.D\\circle_classification\\Images_all_class\\0_all_class_aug", "config": {"folder_ref": "F:\\Ph.D\\circle_classification\\Images_all_class\\0_all_class_aug", "folder_ref1": "dataset\\class_registeration", "debug": "False", "crop_circle": "True", "crop_circle_platform": [546.1550518881522, 421.04824877486305, 300], "crop_circle_platform_original": [546.1550518881522, 421.04824877486305, 375], "resize_ratio": 0.3}, "mobilenet_v2": 69.79166666666666, "densenet121": 79.16666666666666, "densenet201": 83.33333333333334, "resnext50_32x4d": 73.95833333333334, "vgg19": 69.79166666666666, "alexnet": 57.291666666666664, "squeezenet1_1": 57.291666666666664, "mnasnet1_0": 73.95833333333334}