{
  "dataset": "F:\\Ph.D\\circle_classification\\Images_all_class\\0_all_class_aug",
  "mobilenet_v2": 66.66666666666666,
  "densenet121": 59.375,
  "densenet201": 68.75,
  "resnext50_32x4d": 75.0,
  "vgg19": 58.333333333333336,
  "alexnet": 70.83333333333334,
  "squeezenet1_1": 73.95833333333334,
  "mnasnet1_0": 55.208333333333336
}