{
  "params": {
    "crop": [
      52,
      59
    ],
    "HSV": [
      0,
      0,
      0,
      180,
      255,
      101
    ],
    "erode": [
      39,
      2
    ],
    "dilate": [
      1,
      2
    ],
    "contour_area": [
      0,
      1102041,
      2,
      1
    ],
    "thresh": [
      10,
      0
    ]
  },
  "debug": "True",
  "show_result": "True",
  "flag_rotate": "None",
  "resize_ratio": 0.3,
  "save_img": "True",
  "inverse_threshold": "True",
  "n_symetric": 1,
  "crop_circle_fix_inner_r": [
    538.7253254825479,
    402.83041037971105,
    254.7494678162871
  ],
  "crop_circle_fix_outer_r": [
    538.6831364300194,
    403.3175883340236,
    266.6971472939909
  ],
  "crop_circle_platform": [
    537,
    400,
    391
  ],
  "method_names": [
    "simple",
    "compare",
    "comparev2"
  ],
  "method": "tiny",
  "simple_tiny": {
    "outer_r_safety": -10
  }
}