{"params": {"crop": [73, 76], "barrel_distort": [405, 391, 57, 50, 0, 73, 10, 10], "blur": 1, "HSV": [0, 0, 61, 180, 255, 255], "erode": [3, 2], "dilate": [6, 2], "contour_area": [822157, 1486880, 3, 1]}, "debug": "True", "show_result": "True", "flag_rotate": "None", "resize_ratio": 0.3, "save_img": "True", "inverse_threshold": "True", "n_symetric": 1, "crop_circle_fix_inner_r": [537.1886663632225, 402.60514337733275, 130.1279930268229], "crop_circle_fix_outer_r": [537.1886663632225, 402.60514337733275, 134.17678122907765], "crop_circle_platform": [537, 400, 391], "method_names": ["simple", "compare", "comparev2"], "method": ""}