{
  "params": {
    "crop": [
      100,
      100
    ],
    "barrel_distort": [
      500,
      500,
      50,
      50,
      0,
      0,
      10,
      10
    ],
    "blur": 23,
    "HSV": [
      0,
      0,
      56,
      180,
      255,
      255
    ],
    "erode": [
      5,
      2
    ],
    "dilate": [
      49,
      2
    ],
    "contour_area": [
      1,
      5831,
      5,
      1
    ]
  },
  "debug": "True",
  "show_result": "True",
  "flag_rotate": "None",
  "resize_ratio": 0.3,
  "save_img": "True",
  "inverse_threshold": "True",
  "n_symetric": 1,
  "crop_circle_fix_inner_r": [
    538.7253254825479,
    402.83041037971105,
    254.7494678162871
  ],
  "crop_circle_fix_outer_r": [
    538.6831364300194,
    403.3175883340236,
    266.6971472939909
  ],
  "crop_circle_platform": [
    537,
    400,
    391
  ],
  "method_names": [
    "tiny",
    "simple",
    "compare",
    "comparev2"
  ],
  "method": ""
}