{"params": {"crop": [65, 90], "HSV": [0, 0, 16, 180, 255, 255], "erode": [16, 2], "dilate": [36, 2], "contour_area": [1696793, 2265306, 1, 1], "thresh": [12, 0]}, "debug": "True", "show_result": "True", "flag_rotate": "None", "resize_ratio": 0.3, "save_img": "True", "inverse_threshold": "True", "n_symetric": 1, "crop_circle_fix_inner_r": [588.4070752640845, 494.46198283450707, 222.01812201252028], "crop_circle_fix_outer_r": [590.9277331267551, 490.1964074755495, 245.43979626418638], "crop_circle_platform": [588.8166095226112, 490.1062827005547, 356.9141240635687], "method_names": ["simple", "compare", "comparev2"], "method": "simple", "simple_tiny": {"outer_r_safety": -10}}